,precision,recall,f1-score,support
0,0.075,0.07894736842105263,0.07692307692307693,38.0
1,0.24017467248908297,0.3216374269005848,0.27499999999999997,171.0
2,0.23316062176165803,0.23195876288659795,0.23255813953488372,194.0
3,0.2623762376237624,0.2623762376237624,0.2623762376237624,202.0
4,0.2222222222222222,0.1437125748502994,0.17454545454545453,167.0
accuracy,0.23316062176165803,0.23316062176165803,0.23316062176165803,0.23316062176165803
macro avg,0.20658675081934513,0.20772647413645942,0.20428058172543548,772.0
weighted avg,0.23220743617682119,0.23316062176165803,0.2295510970232322,772.0
