,precision,recall,f1-score,support
0,0.09090909090909091,0.05263157894736842,0.06666666666666667,38.0
1,0.2134387351778656,0.3157894736842105,0.25471698113207547,171.0
2,0.25510204081632654,0.25773195876288657,0.2564102564102564,194.0
3,0.24083769633507854,0.22772277227722773,0.23409669211195927,202.0
4,0.19090909090909092,0.12574850299401197,0.15162454873646208,167.0
accuracy,0.22409326424870465,0.22409326424870465,0.22409326424870465,0.22409326424870465
macro avg,0.1982393308294905,0.19592485733314105,0.192703029011484,772.0
weighted avg,0.2201727952458962,0.22409326424870465,0.21818958328512034,772.0
