,precision,recall,f1-score,support
0,0.06315789473684211,0.15789473684210525,0.09022556390977443,38.0
1,0.23076923076923078,0.3508771929824561,0.27842227378190254,171.0
2,0.24705882352941178,0.21649484536082475,0.23076923076923078,194.0
3,0.2602739726027397,0.18811881188118812,0.21839080459770113,202.0
4,0.22772277227722773,0.1377245508982036,0.17164179104477612,167.0
accuracy,0.2189119170984456,0.2189119170984456,0.2189119170984456,0.2189119170984456
macro avg,0.2057965387830904,0.2102220275929556,0.197889932820677,772.0
weighted avg,0.23367356951074458,0.2189119170984456,0.2183771148286539,772.0
