,precision,recall,f1-score,support
0,0.2986577181208054,0.3588709677419355,0.326007326007326,248.0
1,0.3237704918032787,0.3147410358565737,0.3191919191919192,251.0
2,0.34684684684684686,0.29056603773584905,0.3162217659137577,265.0
accuracy,0.3206806282722513,0.3206806282722513,0.3206806282722513,0.3206806282722513
macro avg,0.3230916855903103,0.321392680444786,0.320473670371001,764.0
weighted avg,0.32362293449083396,0.3206806282722513,0.32037402687713923,764.0
