,precision,recall,f1-score,support
0,0.32558139534883723,0.3951612903225806,0.3570127504553734,248.0
1,0.30677290836653387,0.30677290836653387,0.30677290836653387,251.0
2,0.35377358490566035,0.2830188679245283,0.31446540880503143,265.0
accuracy,0.32722513089005234,0.32722513089005234,0.32722513089005234,0.32722513089005234
macro avg,0.3287092962070105,0.32831768887121426,0.32608368920897957,764.0
weighted avg,0.32918087178862776,0.32722513089005234,0.3257493395893533,764.0
