,precision,recall,f1-score,support
0,0.32590529247910865,0.4717741935483871,0.38550247116968694,248.0
1,0.3613861386138614,0.2908366533864542,0.32229580573951433,251.0
2,0.3399014778325123,0.26037735849056604,0.2948717948717949,265.0
accuracy,0.3390052356020942,0.3390052356020942,0.3390052356020942,0.3390052356020942
macro avg,0.3423976363084941,0.3409960684751358,0.3342233572603321,764.0
weighted avg,0.3424166556970078,0.3390052356020942,0.33330089755461534,764.0
