,precision,recall,f1-score,support
0,0.3092369477911647,0.31048387096774194,0.30985915492957744,248.0
1,0.33191489361702126,0.3107569721115538,0.32098765432098764,251.0
2,0.36428571428571427,0.3849056603773585,0.37431192660550466,265.0
accuracy,0.33638743455497383,0.33638743455497383,0.33638743455497383,0.33638743455497383
macro avg,0.3351458518979667,0.3353821678188848,0.3350529119520232,764.0
weighted avg,0.3357815649683186,0.33638743455497383,0.3358712463449762,764.0
