,precision,recall,f1-score,support
0,0.31976744186046513,0.4435483870967742,0.37162162162162166,248.0
1,0.37735849056603776,0.398406374501992,0.38759689922480617,251.0
2,0.3741935483870968,0.2188679245283019,0.2761904761904762,265.0
accuracy,0.3507853403141361,0.3507853403141361,0.3507853403141361,0.3507853403141361
macro avg,0.3571064936045332,0.353607562042356,0.3451363323456347,764.0
weighted avg,0.3575662264869784,0.3507853403141361,0.34376892677757165,764.0
