,precision,recall,f1-score,support
0,0.3268608414239482,0.40725806451612906,0.362657091561939,248.0
1,0.29583333333333334,0.28286852589641437,0.2892057026476579,251.0
2,0.34418604651162793,0.2792452830188679,0.30833333333333335,265.0
accuracy,0.3219895287958115,0.3219895287958115,0.3219895287958115,0.3219895287958115
macro avg,0.32229340708963655,0.3231239578104705,0.32006537584764344,764.0
weighted avg,0.3226766461588838,0.3219895287958115,0.31968314581839835,764.0
