,precision,recall,f1-score,support
0,0.3270440251572327,0.41935483870967744,0.3674911660777385,248.0
1,0.36964980544747084,0.3784860557768924,0.37401574803149606,251.0
2,0.36507936507936506,0.26037735849056604,0.3039647577092511,265.0
accuracy,0.3507853403141361,0.3507853403141361,0.3507853403141361,0.3507853403141361
macro avg,0.3539243985613562,0.35273941765904526,0.3484905572728285,764.0
weighted avg,0.3542343601470427,0.3507853403141361,0.34760002975934057,764.0
