,precision,recall,f1-score,support
0,0.4474327628361858,0.7038461538461539,0.5470852017937219,260.0
1,0.2402745995423341,0.44680851063829785,0.3125,235.0
2,0.28888888888888886,0.10077519379844961,0.14942528735632182,258.0
3,0.36065573770491804,0.2608695652173913,0.30275229357798167,253.0
4,0.24369747899159663,0.125,0.16524216524216523,232.0
accuracy,0.33037156704361875,0.33037156704361875,0.33037156704361875,0.33037156704361875
macro avg,0.3161898935927847,0.32745988470005855,0.2954009895940381,1238.0
weighted avg,0.3191551690860944,0.33037156704361875,0.29819377157973376,1238.0
