,precision,recall,f1-score,support
0,0.38461538461538464,0.3883495145631068,0.38647342995169087,309.0
1,0.3416666666666667,0.41,0.37272727272727274,300.0
2,0.35019455252918286,0.28125,0.3119584055459272,320.0
accuracy,0.35844994617868675,0.35844994617868675,0.35844994617868675,0.35844994617868675
macro avg,0.3588255346037448,0.35986650485436894,0.3570530360749636,929.0
weighted avg,0.3588895701350833,0.35844994617868675,0.35636723514311197,929.0
