,precision,recall,f1-score,support
0,0.48348348348348347,0.6192307692307693,0.5430016863406408,260.0
1,0.21597633136094674,0.31063829787234043,0.2547993019197208,235.0
2,0.29936305732484075,0.1821705426356589,0.22650602409638554,258.0
3,0.29642857142857143,0.32806324110671936,0.31144465290806755,253.0
4,0.19230769230769232,0.10775862068965517,0.13812154696132597,232.0
accuracy,0.31421647819063003,0.31421647819063003,0.31421647819063003,0.31421647819063003
macro avg,0.2975118271811069,0.3095722943070286,0.2947746424452281,1238.0
weighted avg,0.30154089301466097,0.31421647819063003,0.2991409730996262,1238.0
