,precision,recall,f1-score,support
0,0.3333333333333333,0.5048543689320388,0.4015444015444016,309.0
1,0.3510204081632653,0.2866666666666667,0.31559633027522943,300.0
2,0.4074074074074074,0.275,0.32835820895522394,320.0
accuracy,0.35522066738428415,0.35522066738428415,0.35522066738428415,0.35522066738428415
macro avg,0.363920382968002,0.3555070118662352,0.34849964692495167,929.0
weighted avg,0.36456027214138853,0.35522066738428415,0.34857992037186286,929.0
