,precision,recall,f1-score,support
0,0.38562091503267976,0.3818770226537217,0.383739837398374,309.0
1,0.3305785123966942,0.4,0.36199095022624433,300.0
2,0.33076923076923076,0.26875,0.296551724137931,320.0
accuracy,0.348762109795479,0.348762109795479,0.348762109795479,0.348762109795479
macro avg,0.3489895527328682,0.35020900755124057,0.3474275039208498,929.0
weighted avg,0.34895217471502704,0.348762109795479,0.3466840113542613,929.0
