,precision,recall,f1-score,support
0,0.38095238095238093,0.41423948220064727,0.3968992248062016,309.0
1,0.3246753246753247,0.3333333333333333,0.32894736842105265,300.0
2,0.34385964912280703,0.30625,0.3239669421487603,320.0
accuracy,0.35091496232508074,0.35091496232508074,0.35091496232508074,0.35091496232508074
macro avg,0.3498291182501709,0.3512742718446602,0.34993784512533815,929.0
weighted avg,0.35000212145982923,0.35091496232508074,0.3498336840463245,929.0
