,precision,recall,f1-score,support
0,0.35266821345707655,0.4919093851132686,0.4108108108108108,309.0
1,0.3106796116504854,0.32,0.31527093596059114,300.0
2,0.3915343915343915,0.23125,0.2907662082514734,320.0
accuracy,0.34660925726587727,0.34660925726587727,0.34660925726587727,0.34660925726587727
macro avg,0.3516274055473178,0.3477197950377562,0.3389493183409584,929.0
weighted avg,0.35249662728136444,0.34660925726587727,0.33860818941785725,929.0
