,precision,recall,f1-score,support
0,0.3507853403141361,0.4336569579288026,0.3878437047756874,309.0
1,0.3205574912891986,0.30666666666666664,0.31345826235093693,300.0
2,0.36538461538461536,0.296875,0.32758620689655166,320.0
accuracy,0.3455328310010764,0.3455328310010764,0.3455328310010764,0.3455328310010764
macro avg,0.34557581566265005,0.3457328748651564,0.342962724674392,929.0
weighted avg,0.34605273893100597,0.3455328310010764,0.3430664905143865,929.0
