,precision,recall,f1-score,support
0,0.3433734939759036,0.36893203883495146,0.35569422776911075,309.0
1,0.34415584415584416,0.35333333333333333,0.34868421052631576,300.0
2,0.3494809688581315,0.315625,0.33169129720853857,320.0
accuracy,0.3455328310010764,0.3455328310010764,0.3455328310010764,0.3455328310010764
macro avg,0.34567010232995976,0.3459634573894283,0.34535657850132173,929.0
weighted avg,0.3457298955004408,0.3455328310010764,0.3451625346020261,929.0
