,precision,recall,f1-score,support
0,0.4839506172839506,0.7538461538461538,0.5894736842105263,260.0
1,0.28102189781021897,0.3276595744680851,0.30255402750491156,235.0
2,0.3299492385786802,0.25193798449612403,0.2857142857142857,258.0
3,0.31413612565445026,0.23715415019762845,0.2702702702702703,253.0
4,0.3216374269005848,0.23706896551724138,0.2729528535980149,232.0
accuracy,0.36591276252019383,0.36591276252019383,0.36591276252019383,0.36591276252019383
macro avg,0.346139061245577,0.3615333657050465,0.34419302425960174,1238.0
weighted avg,0.3482152931050401,0.36591276252019383,0.3471575771290748,1238.0
